pharmacy_id,name,district,buffer_area_ha,pop_sum,n_pixels,density_hab_ha
1,ڈی واٹسن کیمسٹ,Rawalpindi,78.50827892387134,17704.59765625,106,225.5124924266645
2,Ahmad Din Pharmacy,Lahore,78.50827892387134,21284.69921875,109,271.11407243291563
3,Fazal Din Pharmacy,Lahore,78.50827892387134,26362.2890625,104,335.78992462773556
4,CMH Pharmacy,Bahawalpur,78.5082789238714,16366.2666015625,106,208.46548702758705
5,Fazal Din Pharmacy,Lahore,78.50827892387134,24620.783203125,105,313.6074760599391
6,Guardian,Lahore,78.50827892387134,26829.763671875,113,341.74438721159004
7,,Multan,78.5082789238714,6047.18505859375,103,77.0260810895834
8,king Pharmacy,Dera Ghazi Khan,78.5082789238714,11030.087890625,105,140.49585651114265
9,CSH Pharmacy,Lahore,78.50827892387134,26405.7578125,111,336.3436082722612
10,Haidery dawakhana,Sargodha,78.50827892387134,2891.280517578125,110,36.82771495197047
11,Govt dispensary,Sargodha,78.50827892387134,2703.072021484375,102,34.430407321825456
12,Ali Pharmacy,Lahore,78.50827892387134,24643.75,106,313.9000158683492
13,MIDCITY PHARMACY,Faisalabad,78.50827892387134,24232.888671875,107,308.6666655292925
14,MUJAHID PHARMACY,Faisalabad,78.50827892387134,22826.953125,105,290.75854722449156
15,BUTT PHARMACY,Faisalabad,78.50827892387134,23803.06640625,108,303.1918000562919
16,MUJAHID PHARMACY,Faisalabad,78.50827892387134,23434.111328125,106,298.49223100214454
17,Irfan Medical Store,Gujranwala,78.50827892387134,8092.48876953125,104,103.07815787655277
18,Mian Medical Store,Gujranwala,78.50827892387134,8482.0859375,106,108.04065575969369
19,Servaid,Lahore,78.50827892387134,29929.44140625,109,381.2265638286666
20,Green Pharmacy,Lahore,78.50827892387134,28731.798828125,105,365.9715793284161
21,,Rawalpindi,78.50827892387134,17904.822265625,107,228.06285542174626
22,Tariq Medical Store,Rawalpindi,78.50827892387134,3955.14990234375,109,50.378762043414774
23,,Rawalpindi,78.50827892387134,4095.125,110,52.161696271179245
24,,Gujranwala,78.50827892387134,11872.3251953125,111,151.22386273204344
25,Zubair Medical Store,Rawalpindi,78.50827892387134,9954.923828125,113,126.80094334736576
26,The City Pharmacy,Gujranwala,78.50827892387134,12204.927734375,110,155.4603909507428
27,Care Pharmacy,Faisalabad,78.50827892387134,29535.453125,104,376.20813409551647
28,Fazal Din & Sons,Lahore,78.50827892387134,26182.3671875,106,333.4981679179181
29,,Gujranwala,78.50827892387134,15091.787109375,107,192.2317915542302
30,Nelson Pharmacy,Rawalpindi,78.50827892387134,14022.6376953125,111,178.61349003600122
31,,Rawalpindi,78.50827892387134,2831.888427734375,102,36.07120760449261
32,shaheen Pharmacy,Rawalpindi,78.50827892387134,10996.341796875,106,140.06601529932962
33,الفتح فارمیسی,Lahore,78.50827892387134,32795.37890625,108,417.73147183689167
34,Safdar Medical Store,Gujranwala,78.50827892387134,22923.166015625,109,291.984059895815
35,Madina Medical Store,Dera Ghazi Khan,78.5082789238714,10804.8203125,108,137.62650844731056
36,Mushtaq Medical Store,Lahore,78.50827892387134,32241.046875,109,410.6706619599164
37,Miamwali City Pharmacy,Sargodha,78.5082789238714,7905.59228515625,109,100.69756200899799
38,Madina Medical Store,Dera Ghazi Khan,78.5082789238714,10361.7685546875,108,131.9831321832337
39,Saif Medical Store سیف,Dera Ghazi Khan,78.5082789238714,9835.7841796875,107,125.28340086559724
40,,Gujranwala,78.50827892387134,1761.173828125,106,22.432969519466752
41,Al Rasheed Medical Store,Gujranwala,78.50827892387134,13713.47265625,109,174.67549721154646
42,,Sargodha,78.5082789238714,2106.0029296875,106,26.825233702163658
43,PUNJAB PHARMACY COUNCIL,Lahore,78.50827892387134,33278.62109375,109,423.88677410722414
44,Akhtar Medical Store,Gujranwala,78.50827892387134,7985.97265625,112,101.72140780202193
45,Qasir Medical Store,Gujranwala,78.50827892387134,7186.12158203125,104,91.53329662212512
46,raza medicose,Rawalpindi,78.50827892387134,17408.82421875,113,221.7450752630962
47,shahid medicose,Rawalpindi,78.50827892387134,16902.55078125,108,215.2964122120194
48,Fazal Din Pharmacy,Lahore,78.50827892387134,18593.734375,106,236.83788041042334
49,Punjab Pharmacy,Lahore,78.50827892387134,4962.36865234375,108,63.20822109927676
50,,Bahawalpur,78.5082789238714,10892.787109375,106,138.74698641575895
51,Chaudhary Medical Store,Lahore,78.50827892387134,27228.1796875,107,346.81921525630287
52,Munir Pharmacy,Lahore,78.50827892387134,23201.8203125,109,295.53342183183713
53,Chaudhary medical store,Rawalpindi,78.5082789238714,14020.587890625,108,178.58738062797946
54,,Rawalpindi,78.50827892387134,8736.962890625,112,111.28715353825476
55,Medic Pharmacy,Lahore,78.50827892387134,34015.703125,110,433.27536396492235
56,Nadeem Medical store,Lahore,78.50827892387134,27698.34375,107,352.80793477664685
57,Nelson Pharmacy,Rawalpindi,78.50827892387134,19256.599609375,113,245.2811330642966
58,D watson,Rawalpindi,78.50827892387134,14047.080078125,110,178.92482513527403
59,Shaheen chemist,Rawalpindi,78.50827892387134,14027.56640625,110,178.6762695416159
60,Rana pharmacy,Multan,78.5082789238714,10836.375,104,138.02843659976182
61,Mujahid pharmacy,Faisalabad,78.50827892387134,26353.76953125,105,335.68140701192766
62,Prime medicine,Gujranwala,78.50827892387134,17082.775390625,108,217.5920250040125
63,wheelchair maker,Lahore,78.50827892387134,28133.671875,105,358.3529311893453
64,Prime medicine,Gujranwala,78.50827892387134,17518.4765625,111,223.14177310506938
65,Ramay Medical Store,Multan,78.50827892387134,15933.2119140625,108,202.94944854813042
66,Rasheed Medical Store,Sargodha,78.5082789238714,6366.6689453125,107,81.09551034084173
67,Gulraiz medical store,Sargodha,78.5082789238714,3535.609375,108,45.034860316176854
68,Medical Stores,Multan,78.50827892387134,14551.96484375,106,185.35579996424184
69,Clinic,Faisalabad,78.50827892387134,26816.9765625,109,341.5815112760801
70,Deen Memorial Pharmacy,Gujranwala,78.50827892387134,8599.943359375,109,109.541865867602
71,Clanic plus pharmacy,Multan,78.5082789238714,15051.4541015625,105,191.71804945765945
72,Rana Medical Store Tanda,Gujranwala,78.50827892387134,10494.087890625,111,133.66855106836576
73,Citi Lab,Rawalpindi,78.50827892387134,17735.34765625,110,225.90417086391335
74,APPLE PHARMACY,Rawalpindi,78.50827892387134,18577.337890625,107,236.62903002419975
75,Ibrahim Pharmacy,Gujranwala,78.50827892387134,26222.5234375,109,334.0096585600572
76,Servaid Pharmacy,Gujranwala,78.50827892387134,25876.986328125,113,329.6083761206591
77,AL FATIMA PHARMACY,Gujranwala,78.50827892387134,24476.494140625,105,311.76959266117143
78,Anayat Medical Store,Gujranwala,78.50827892387134,23124.0625,113,294.54298090553175
79,Bilal Medical Store,Gujranwala,78.50827892387134,24188.802734375,106,308.1051204527185
80,Super Traders,Gujranwala,78.50827892387134,25335.177734375,108,322.70708365600854
81,Fazal Deen Pharmacy,Gujranwala,78.50827892387134,25010.291015625,110,318.56883577688944
82,Khan Medical Store,Gujranwala,78.50827892387134,23107.259765625,106,294.32895590580796
83,Muneeb Pharmacy,Gujranwala,78.50827892387134,25246.189453125,109,321.573594519961
84,Clinix Pharmacy,Gujranwala,78.50827892387134,24001.58203125,109,305.7203948455434
85,Moazam Traders,Gujranwala,78.50827892387134,25358.16015625,111,322.99982248801484
86,Sharjah Medical Store,Gujranwala,78.50827892387134,23321.51953125,108,297.05809184614316
87,Animal Medical Store,Gujranwala,78.50827892387134,26903.056640625,111,342.6779571452918
88,Star Ceramics,Gujranwala,78.50827892387134,22749.11328125,113,289.7670614243063
89,Al-Shaikh Pharmacy,Gujranwala,78.50827892387134,19885.46484375,106,253.2913103729191
90,Yaqoob Medical Store,Lahore,78.50827892387134,19412.6484375,109,247.26880659712643
91,Muridke Medical Store,Lahore,78.50827892387134,22433.486328125,108,285.74675990386334
92,Bajwa Pharmaceuticals Pvt. Ltd,Lahore,78.50827892387134,24294.947265625,108,309.4571374973531
93,Pharma Plus,Lahore,78.50827892387134,23825.875,111,303.48232475079095
94,Sharif Oxygen Pvt,Lahore,78.50827892387134,22000.478515625,110,280.23131849519507
95,Iqbal Medical Store,Lahore,78.50827892387134,25742.0546875,109,327.88968297804365
96,Pakistan Medical Store,Lahore,78.50827892387134,24972.642578125,107,318.08928842193455
97,Clinix Pharmacy,Lahore,78.50827892387134,22579.390625,105,287.6052173668843
98,Pharmagen Pharmacy,Lahore,78.50827892387134,20938.580078125,110,266.7053763645605
99,Usman Meical Store,Lahore,78.50827892387134,22231.1953125,108,283.170076038189
100,Tayyaba Pharmacy,Lahore,78.50827892387134,23680.46484375,108,301.6301614089986
101,Ravi Medical Store,Lahore,78.50827892387134,27564.583984375,106,351.1041684037436
102,Punjab Pharmacy,Lahore,78.50827892387134,25817.353515625,108,328.8488025659029
103,Bilal Lab,Lahore,78.50827892387134,20632.173828125,109,262.8025236438033
104,Allaha Hoo Medicen Company,Lahore,78.50827892387134,27741.1171875,111,353.3527618711432
105,PAK Dawakhana,Lahore,78.50827892387134,30861.265625,108,393.0956842771429
106,Matab ul Imran,Lahore,78.50827892387134,31058.150390625,108,395.6035059785448
107,Dawakhana Hakeem Suleman,Lahore,78.50827892387134,27176.51171875,109,346.1610939796907
108,New Mahmood Pharmacy,Lahore,78.50827892387134,26826.318359375,108,341.7005025086361
109,Clinix,Lahore,78.50827892387134,27785.720703125,110,353.9208996043401
110,Green + Pharmacie,Lahore,78.50827892387134,30446.099609375,106,387.80750293734326
111,Aziz Son's Pharma Plus,Lahore,78.50827892387134,17359.96875,109,221.1227782337934
112,Fazal Din Pharma Plus,Lahore,78.50827892387134,16070.9443359375,109,204.70381667035812
113,D Watson Chemist,Lahore,78.50827892387134,24362.333984375,107,310.31547651170524
114,Khawaja Brothers Pharmacy,Lahore,78.50827892387134,22837.08984375,108,290.88766378250233
115,Fazal Din,Lahore,78.50827892387134,21860.955078125,107,278.4541372932572
116,Clinix Pharmacy,Lahore,78.50827892387134,22779.193359375,110,290.1502067248697
117,Al-Nasar Lab,Lahore,78.50827892387134,29993.3359375,111,382.0404210692763
118,Clinix,Lahore,78.50827892387134,30125.439453125,106,383.72309094098625
119,AAA Pharmacy,Lahore,78.50827892387134,18961.33203125,105,241.5201592896541
120,Zephyr Agro Chemicals (Pvt),Bahawalpur,78.5082789238714,3545.099365234375,104,45.155739163152695
121,Malik Medical Store,Bahawalpur,78.5082789238714,9817.51953125,104,125.05075472065741
122,Muslim Pharmacy,Bahawalpur,78.5082789238714,9614.83984375,102,122.46912014302852
123,Rafi Medicine,Bahawalpur,78.5082789238714,9894.2939453125,105,126.02866959937927
124,Shareef Pharmacy & Mart,Bahawalpur,78.5082789238714,10018.3525390625,106,127.60886719701477
125,Umer Pharmacy,Bahawalpur,78.5082789238714,10031.119140625,105,127.77148191405475
126,Abdullah Pharmacy,Bahawalpur,78.5082789238714,10106.6220703125,106,128.73320124763885
127,Meds Pharmacy,Bahawalpur,78.5082789238714,7885.63134765625,106,100.4433093648997
128,Citi Pharmacy,Bahawalpur,78.5082789238714,9276.7529296875,102,118.16273464207595
129,Asif Medical Store,Bahawalpur,78.5082789238714,10425.76171875,104,132.7982457602942
130,New National Medical Store,Bahawalpur,78.5082789238714,10542.130859375,106,134.28049887066797
131,Kashmir pharmacy,Rawalpindi,78.50827892387134,22746.32421875,111,289.7315357123912
132,Chemist,Rawalpindi,78.50827892387134,22120.54296875,109,281.7606406860614
133,D-Watson,Rawalpindi,78.50827892387134,22720.41796875,108,289.40155458995287
134,Shaheen chemist,Rawalpindi,78.50827892387134,23939.37109375,113,304.92798239742024
135,Bismillah Pharmacy,Lahore,78.50827892387134,27609.115234375,104,351.6713856528083
136,Rehmat Homeopathic Pharmacy,Lahore,78.50827892387134,27609.115234375,104,351.6713856528083
137,Bhai Bhai Medical Store,Lahore,78.50827892387134,28159.49609375,106,358.6818674379038
138,Hameed Medical Pharmacy,Lahore,78.50827892387134,28379.189453125,109,361.4802138338047
139,hafiz pharmacy,Bahawalpur,78.5082789238714,8010.29541015625,106,102.03121912688653
140,مجاہد فارمیسی,Faisalabad,78.50827892387134,24056.818359375,106,306.4239681359293
141,Dar Pharmacy,Faisalabad,78.50827892387134,29572.59765625,109,376.68126293949507
142,Care Pharmacy,Faisalabad,78.50827892387134,23063.26171875,106,293.7685303369623
143,Chaudary Medical Store,Faisalabad,78.50827892387134,24493.837890625,105,311.9905088529124
144,Shaukat Khanum Laboratory,Faisalabad,78.50827892387134,23578.3828125,108,300.32989049936646
145,Boots Pharmacy Grocery Cosmetics,Rawalpindi,78.50827892387134,11415.1875,108,145.40106669602562
146,Clinix Pharmacy (Defence Branch),Lahore,78.50827892387134,27979.7734375,107,356.3926482789375
147,Gorey & Gorey Pharmacy,Faisalabad,78.50827892387134,28278.6875,108,360.20006918533454
148,Madina Chemis,Faisalabad,78.50827892387134,15951.19140625,108,203.1784625124403
149,Care Pharmacy,Faisalabad,78.50827892387134,27156.169921875,108,345.90199013543594
150,Mall of Health Pharmacy,Lahore,78.50827892387134,24747.013671875,107,315.21533793744123
151,Care Pharmacy,Faisalabad,78.50827892387134,25780.80859375,109,328.383311252427
152,Mujahid Pharmacy,Faisalabad,78.50827892387134,12508.029296875,104,159.32115018091156
153,Qatar Pharmacy,Faisalabad,78.50827892387134,10296.4541015625,109,131.15118867332276
154,city lab,Rawalpindi,78.50827892387134,17953.546875,110,228.68348562843119
155,RANA Pharmacy,Lahore,78.50827892387134,16321.0107421875,109,207.88904005925048
156,+ pharmacy,Bahawalpur,78.5082789238714,7798.359375,102,99.33168172699317
157,,Bahawalpur,78.5082789238714,9903.2783203125,104,126.14310816717303
158,Abid Medical Store,Lahore,78.50827892387134,28625.98046875,105,364.62371690135143
159,Moon Pharmacy,Lahore,78.50827892387134,26255.888671875,107,334.4346485717138
160,Hi-Care Pharmacy,Lahore,78.50827892387134,13795.08984375,112,175.71509696610408
161,Chaudhry Dawakhana,Gujranwala,78.50827892387134,25462.337890625,106,324.3267874374824
162,Doctors pharmacy,Faisalabad,78.5082789238714,12664.865234375,104,161.31884952739796
163,Punjab Pharmacy,Lahore,78.50827892387134,25053.685546875,106,319.1215740593332
164,Fazal Din Dispensing Pharmacy,Lahore,78.50827892387134,26960.298828125,107,343.4070800898351
165,Dukes & Dukes Pharmacy,Lahore,78.50827892387134,11785.5390625,106,150.11842348408013
166,Rite Aid,Lahore,78.50827892387134,12366.3955078125,108,157.51708835451691
167,Naseem Pharmacy,Lahore,78.50827892387134,26102.9765625,104,332.4869290258137
168,Medical Store,Faisalabad,78.5082789238714,15478.4384765625,108,197.15676727000687
169,Medical Store,Faisalabad,78.5082789238714,9978.8837890625,107,127.10613359310693
170,Medical Store,Faisalabad,78.5082789238714,9956.833984375,106,126.8252739819966
171,Health & Wellness,Rawalpindi,78.50827892387134,23576.587890625,109,300.3070276637572
172,Neelam Medical Hall,Bahawalpur,78.5082789238714,26688.794921875,105,339.9487963270068
173,Sky pharmacy,Rawalpindi,78.50827892387134,18210.123046875,110,231.95162722307498
174,Al Shifa Medical Store,Bahawalpur,78.50827892387147,13271.611328125,104,169.047284057702
175,Servaid Pharmacy,Lahore,78.50827892387134,16134.439453125,106,205.51258637029093
176,Shifa Pharmacy,Lahore,78.50827892387134,18335.970703125,110,233.55461302247116
177,,Lahore,78.50827892387134,15974.6552734375,111,203.4773337590034
178,Care Pharmacy,Lahore,78.50827892387134,23498.322265625,113,299.3101184705765
179,Public Pharmacy,Gujranwala,78.50827892387134,20723.0078125,113,263.9595224421476
180,Bashir Son's Pharmacy,Gujranwala,78.50827892387134,19739.376953125,108,251.43051438264322
181,Maroosh Pharmacy,Gujranwala,78.50827892387134,18843.28515625,106,240.01653602064232
182,Zeeshan Chemist,Rawalpindi,78.50827892387134,20238.609375,108,257.78949242569905
183,Labaik Pharmacy,Bahawalpur,78.50827892387147,15255.837890625,104,194.3213900462447
184,Swati Pharmacy & Cosmatics,Rawalpindi,78.50827892387134,15482.7197265625,110,197.2112997353557
185,Zafar Medical Store Sheikh Fazal,Multan,78.50827892387134,3479.480712890625,107,44.31992091260389
186,Chowhan Medicine and Pharmacy & Mart,Rawalpindi,78.50827892387134,1396.4031982421875,109,17.7866999172949
187,,Lahore,78.50827892387134,28103.97265625,107,357.97463708893844
188,Yousaf Medical Store,Bahawalpur,78.5082789238714,11530.212890625,105,146.86620377712927
189,Askary Pharmacy,Rawalpindi,78.50827892387134,8503.86328125,110,108.31804489684593
190,Al Shifa Pharmacy,Sargodha,78.5082789238714,4195.64208984375,111,53.44203372375819
191,Arif Pharmacy,Sargodha,78.5082789238714,4128.54638671875,108,52.58740152388457
192,Makki Pharmacy,Sargodha,78.5082789238714,4132.84130859375,108,52.64210813487989
193,Rahat Pharmacy,Sargodha,78.5082789238714,4235.06298828125,109,53.944157817902784
194,Madni Pharmacy,Sargodha,78.5082789238714,4235.06298828125,109,53.944157817902784
195,Islamabad Pharmacy,Sargodha,78.5082789238714,4282.19482421875,106,54.54450005675384
196,Zaheer Medical Store,Sargodha,78.5082789238714,4311.81982421875,109,54.921848795078965
197,Asad Pharmacy,Sargodha,78.5082789238714,4390.63427734375,109,55.92574869207487
198,Akram Medical Store,Sargodha,78.5082789238714,4241.9443359375,107,54.03180905355047
199,,Rawalpindi,78.50827892387134,19881.978515625,110,253.24690323302522
200,Medicine Point,Rawalpindi,78.50827892387134,19210.76953125,107,244.69737197880087
201,Khatak chemist,Rawalpindi,78.50827892387134,19337.05859375,109,246.30598019478867
202,Care First Pharmacy,Sargodha,78.5082789238714,3928.324951171875,108,50.03707895547077
203,Pharmecy,Rawalpindi,78.50827892387134,13910.7216796875,109,177.18795865053391
204,Zaheer Sunny Pharmacy,Sargodha,78.5082789238714,12399.8486328125,112,157.94319787390185
205,Al Haram Pharmacy,Gujranwala,78.50827892387134,17086.439453125,105,217.6386960373127
206,Pills Mart,Lahore,78.50827892387134,2669.31201171875,108,34.000388854621995
207,Askari Pharmacy,Lahore,78.50827892387134,2937.13330078125,108,37.41176524362937
208,Servaid Pharmacy,Lahore,78.50827892387134,19695.45703125,113,250.87108393177843
209,Al-Qazi Pharmacy,Lahore,78.50827892387134,8731.123046875,106,111.21276846918882
210,First Pharmacy,Lahore,78.50827892387134,12398.5244140625,105,157.92633062412716
211,Drug Shop,Lahore,78.50827892387134,12660.1640625,107,161.25896830290253
212,Fazal Din's Pharmacy Plus,Lahore,78.50827892387134,16129.7666015625,105,205.45306587606342
213,Punjab Pharmacy,Lahore,78.50827892387134,16268.7177734375,106,207.2229578387918
214,Clinix,Lahore,78.50827892387134,15893.20703125,104,202.43988594707923
215,Healt Plus Pharmacy,Lahore,78.50827892387134,8962.587890625,106,114.16105426684908
216,Green Pharmacy,Lahore,78.50827892387134,16350.435546875,107,208.26383880774978
217,Servaid,Lahore,78.50827892387134,3037.1279296875,106,38.68544784471165
218,Green Plus Pharmacie,Lahore,78.50827892387134,3339.96142578125,106,42.54279257630874
219,Shaheen Pharmacy,Rawalpindi,78.50827892387134,20094.3828125,113,255.9524051213161
220,Doctor Aslam,Gujranwala,78.50827892387134,8118.26904296875,108,103.40653437124702
221,Agha Khan Lab,Multan,78.5082789238714,19350.01953125,104,246.47107026780574
222,Ghauri Labs,Multan,78.5082789238714,19641.5390625,105,250.18430325731865
223,Shahab Labs,Multan,78.5082789238714,19244.8984375,106,245.13208926871982
224,Punjab Pharmacy,Lahore,78.50827892387134,4937.45947265625,107,62.890940170068596
225,Shaukat Khanum Laboratory Collection Centre,Lahore,78.50827892387134,24187.228515625,105,308.0850688254051
226,Rasheed pharmacy,Lahore,78.50827892387134,25785.0234375,111,328.436997867492
227,Rafique Sons Pharmacy,Lahore,78.50827892387134,24885.857421875,105,316.983861612946
228,Trust Medical Store,Lahore,78.50827892387134,28371.208984375,105,361.37856253206445
229,Pakistan Pharmacy,Lahore,78.50827892387134,29232.748046875,108,372.35242508910034
230,Hafiz Medicle and General Store,Lahore,78.50827892387134,26073.970703125,105,332.11746659748655
231,Anjum medical store,Lahore,78.50827892387134,24935.09765625,108,317.61105959830434
232,Rana Pharmacy,Lahore,78.50827892387134,29717.953125,108,378.5327296987008
233,DVM Pharma,Lahore,78.50827892387134,19459.6953125,106,247.86806664517334
234,Baig Pharmacy,Lahore,78.50827892387134,30226.9921875,110,385.01661992629846
235,Clinix Pharmacy (Defence Branch),Lahore,78.50827892387134,27715.466796875,106,353.02603976009203
236,Shaheen Chemist,Rawalpindi,78.50827892387134,17349.70703125,107,220.99206948701334
237,Aziz Medical Store,Rawalpindi,78.50827892387134,17767.98828125,109,226.31993115629794
238,Lasani Pharma (PVT) Limited,Lahore,78.50827892387134,9607.26953125,106,122.37269321068761
239,CureMed Pharmacy,Rawalpindi,78.50827892387134,767.5140380859375,109,9.776217853790781
240,Ali Medical Store,Lahore,78.50827892387134,27779.8515625,106,353.84614136603136
241,1st Health Pharmacy,Lahore,78.50827892387134,26966.833984375,108,343.4903217089303
242,Bashir Sons Pharmacy,Lahore,78.50827892387134,23602.888671875,107,300.6420341319987
